FSC-A,FSC-H,SSC-A,Zombie_Aqua-A,CD3-A,CD19-A,CD56-A,Time
58991.3676929545,58787.37129570266,24443.420692161686,5442.119023505932,2.9362058581085564,1.401058634263617,1.0996955032203146,-0.1336687392485841
58481.28921098363,58616.83104550775,26161.488684533604,5469.813521195949,3.3283182533993343,2.0442028709775326,0.7785035192965538,-0.20657930404461045
61724.39536647841,63342.908793193455,25208.28431951692,5393.620602373753,3.2658881102004345,1.4185818807965287,0.906316804856632,0.8466850256952586
66113.83069765613,65795.65170888105,26882.999293439552,5414.892806959705,3.391163404351821,1.5547111143007308,1.1704752062756156,0.14499544323517444
41660.38204446804,41154.7160525473,20420.949768270024,5452.560734583384,3.3321329498064474,1.5123701034817219,1.2542084270044,0.7019061066758175
59396.29307564601,59047.161928718546,25572.099287304605,5449.118178692626,3.319206895396222,2.1399540407476834,1.1949844293418896,1.7430054173212997
55611.1017434628,54813.22580574174,22650.15862931993,5429.9595840286065,2.8749422145013077,2.9343016889922193,0.754212237344052,1.2550739782444094
65379.314608287874,67238.50615340873,27528.4634541963,5450.14904075806,3.713172488721081,1.9623890095934784,0.5731123200583068,1.8392248837353804
66670.27030121603,64745.26170999067,25167.656603936306,5415.194241560524,2.8422039175931646,2.2894527945472385,1.1742339224579699,3.5667192960443503
64339.77437441195,63555.59675377033,22191.01203832985,5350.10513392548,3.47613677990791,1.7732668660745197,0.9789217678898207,3.0814182269380703
54935.75906544015,54613.112602701134,15793.56867198042,5335.0512828576775,2.716131793904075,2.1663043954066685,1.3580479817329891,2.9982853904106253
61829.54995439862,62037.25936366661,30423.705567268018,5453.6013119242925,3.1368466577037712,1.5956222786218752,1.2710155943033783,3.4987942406696053
68588.59084799954,68547.56582701816,34765.504622419234,5378.467419580691,3.7965302071315215,2.0460475890428933,0.8451192972263493,3.0447986199947796
58942.78613922814,60620.67627628492,29081.872483073643,5441.33303185596,1.812063713454401,2.2843856818280157,1.1667557232759524,3.634811293887562
55608.309436737225,55605.73983034946,33624.38131574366,5336.693958034661,2.7860974826318574,2.5447139001402337,0.8661547601716748,4.028400577859004
60684.43443102074,59177.89555529331,26099.727150750063,5327.422944181582,3.4425991551790722,2.001272329103196,1.685029440054325,4.651698452254238
69559.82643302924,67746.73011964763,24389.303282390672,5419.388739240846,3.8728604591855245,1.3276336247916145,1.2971859039426468,5.107707082095928
70734.82337016691,71742.63264602216,25260.35592551974,5368.7010209749105,2.37591014107864,2.078169105961188,0.9424909693014067,6.122915623927039
55722.826204106066,56079.88898625762,17154.99290162135,5376.272245300429,3.1305739400455495,2.329584005007802,1.4344305060484301,5.391459746421831
52179.285846573795,52657.09198397454,27584.935492068966,5429.499500570296,2.6498561504126332,2.453353759034755,1.0263687732713545,6.064198025143706
68918.51268066114,69758.315523679,26432.580139908852,529.1677141060314,3.121851520486075,1.8816143068911675,1.033590111274909,6.75642192820353
60830.9874082076,61462.87252020515,30978.657201660815,369.2284833863902,2.1367151153731774,2.1197692608865766,1.0689204383571906,6.0117843844038035
66097.60466729692,66900.77963315038,20025.037892002918,431.0931066412722,2.9019475205487124,1.4067898919170876,1.1358850699197904,6.593934040043763
54783.01970567093,55355.99047351009,27440.466360961895,365.3477689633421,3.200176095267339,2.406025974476978,0.7862000092942895,7.107738246783502
60019.29025336915,62739.3768644108,15688.485146109064,441.71703588438777,2.8468774901093923,1.9599209804680668,1.5704766929149807,7.213758537151557
75686.60592642898,75017.31235004043,26752.56020674055,370.5491498995065,2.654655993691058,2.0249932505806125,0.9152285423952693,7.620042784474417
45264.804925930854,47077.63111183872,24165.015456093606,504.57433037403956,2.496443936946761,2.1170142818897073,1.9494826304430655,7.384684280627306
49532.90158824214,48991.49752762482,27362.442136613026,441.6004024036778,3.645183344010713,1.8971950406426739,0.5193247721499095,7.9027858496421555
68681.5588636123,69321.2076020997,15215.306073124983,397.8969092987106,3.699084045661065,2.850619254780174,1.1685059916354332,8.575703787978698
51318.5603240999,50453.080118188525,25234.57928753083,430.19186444881177,3.2900920955598822,1.8087165779463454,0.6544173314729453,8.33291359072824
51901.17924018167,52569.05314656993,13438.594469771699,380.0033184634304,3.2249391660506057,2.6088050898659763,1.0213899025152915,9.523198360734497
57206.97149753235,56355.26954472854,21628.03480781267,491.64014691410995,3.497110571948873,2.194959170585046,1.9990806590685315,9.307137584413615
64342.44755720161,64738.271423992286,23890.5715493792,538.970280866291,3.7533024015185568,1.4402081461517782,0.8800461033144353,9.838228419560084
65482.28250529433,63716.29466591521,13722.192064890985,285.61798187429304,2.9644442683293906,1.958718728384129,1.1035658128343544,9.53997464113566
51430.336268657564,49349.41851669853,26645.936793737183,422.2032375092666,3.496496835177856,2.3163182751916933,0.9427853257189173,10.90019439115118
59045.43161931416,58265.04422611619,22397.10778348216,364.91130131767636,1.9171316402498293,2.0625304211943067,1.0749656775286498,10.345182884032635
55003.109709395096,55412.117040222816,33584.352937738455,402.29530915029886,2.7461831963951466,1.7634211190308278,0.9790730685564514,10.194684883652211
59123.17518261344,59195.52097726249,34223.39343883095,456.6084258468025,3.5170146178249397,1.714820583560304,1.2009764629708728,10.558128311597223
62183.72487683609,62704.49772878741,21167.952919688818,519.9627883096894,3.2836868313753316,1.2389086788421966,1.1658579659787425,11.224865519126423
60009.63351071411,60568.6409988132,26952.66333655771,277.6509194179231,2.4208401281932077,2.3090496634298368,1.3903612747687872,12.680899751601926
72622.17767057173,69636.62678037497,28847.410604682253,285.0225879330938,3.8068003642709978,2.1013397611288194,0.6576493636068883,13.035025661515494
64507.7960920361,62067.919153872856,26467.340587303104,356.1316055400772,3.05564773998512,1.8139221541778547,1.4120481658805963,11.619183873577386
62221.836177829915,64479.478772320734,20865.198505148644,412.6389205634931,3.1010008204750386,1.7241191244485647,1.1943680868295758,12.680104088273369
53393.62746651813,55275.23609641763,28958.074982949012,389.9735832986481,2.6816626162782686,1.6862549511157894,1.3692822917681657,12.859091709797394
63216.06742705329,62982.854882232896,28082.047349086788,393.041252192447,3.3819269362385347,1.9267156360713884,1.2488761891355566,13.569274761441736
59183.73139537174,58166.03489022652,20299.40004728097,355.55579079155376,2.507756178357595,2.3463185685016206,0.9860193062468792,14.31888507525243
75955.30879393598,75992.10529933685,17259.913988283137,377.1127881075831,2.962325791541778,1.4046230619388795,0.9248520168090846,13.978059620736355
56784.00507661837,55911.319046464596,21206.216202185955,507.2010238215647,2.920176959851155,1.6680279541265741,0.8881304827914623,14.612510199887346
55207.1836917021,55739.21235005479,28639.424744498505,444.9470699320585,3.6998473355983252,1.7798072081454368,1.339819858654599,14.039663425658224
57224.22086100542,58593.12399220986,29111.87701555588,400.1258530359044,2.404293086985061,2.22466393083733,0.8108881901550308,14.2748996911582
55463.06021899982,55736.48649457228,14394.839472842445,421.64578919271935,3.0869548098549715,1.7661894390251975,1.3110781880351068,15.343314196808786
55756.01098174394,55008.86189931572,28475.75737730964,309.03558643503555,2.8336887851229444,1.7475813890101297,1.0209632453961888,15.443909125857035
60257.51540474996,61625.17791344681,26140.315173160037,381.10046492696694,2.3945725462212093,2.2887399187430923,1.1584439637555066,16.364502516809278
54767.81616583734,54796.753333094835,24706.53651203031,394.7433484450261,3.0051951056635566,1.3141842038874147,1.2474956602076956,16.266452559726133
67913.3138060117,70968.83480364553,23405.164031821158,397.8314094141213,3.00489178256167,2.7768741802833827,0.4806340831795204,16.483485488863096
49704.180427860934,47137.88322902203,14895.836042560313,317.09388665749765,3.5345127197103507,1.6526558348136922,0.9317627022155744,15.959597003368698
64276.653347573214,62860.04536931917,31588.260880025824,340.41367514396313,2.6175862810106874,2.0490964181609725,1.007413366248359,17.554450307534335
60842.851016652196,59373.089383461294,22198.32362951842,365.63296339793,3.3625211105656208,2.153517203524884,0.9641826930963588,17.577660752858836
56300.525079752115,56147.12444848104,25903.802021666437,491.69087696588673,2.950733409838204,1.859680436474106,0.6862488886863125,17.786635114214622
55886.48238027072,56270.62931417947,15491.95054805144,462.5912175289007,2.334031116005698,1.6890630545698335,1.3175743404557918,17.077125534268447
59443.814752387356,59532.096046947096,20007.215933335785,480.5759800929984,3.749389151162209,1.2113529985620193,0.5653029107804485,18.44922888320139
50878.831052428795,50483.362767372804,25647.760441669165,441.51100493880165,2.888373702794345,2.0380883679208153,0.7669801247948559,18.99204546087108
56532.80300168751,56916.92404981809,22441.80956708383,406.379409444066,2.915918447800017,1.9350143313739585,0.6958657425368511,19.0448229384724
69898.29691716783,70238.20967583645,28661.676368738576,450.28407284311476,3.46399289049534,2.1213427005436465,1.06367718399472,19.379372057063026
60481.82627921948,59303.73901718291,25119.241772279656,286.6950765076335,2.9970498806224524,2.165348934519,1.3707942328941858,19.323758939450425
66496.97874827085,66496.26388687559,19882.61826976595,315.3172169368423,2.51513281093136,1.4535409125412784,1.1901123431557776,19.44506483760198
63992.204230107214,64086.18501120091,30220.24772361067,463.6115674533302,2.677330996111424,1.8902736156219597,0.8401514239676147,19.038968022279906
64726.5200178061,66265.45101090764,24967.858043629014,370.4084668930599,3.545452514444778,1.0620150843938037,1.0532425587806125,20.22201792689977
56004.00061832169,57562.67543594346,29853.67709527247,384.3305651381226,2.9566520049740825,1.8447904145805174,0.8463640274037095,19.79702785611694
69659.6391758747,71091.8415667146,28990.83165569727,334.3398448134354,4.040422582316666,2.792066106222906,1.0564171507003857,20.29976937317813
53934.98941519082,54386.477734940825,20434.929298612136,397.9473469445967,3.5443223548933815,1.3972705025267467,1.601718608678717,21.83598578344549
51340.39905253778,49888.860889261996,23582.890732202675,338.13140798197804,2.8681395865447388,0.9675256138366317,0.9313893834394061,22.254811694436025
52183.8370948366,51898.84150090098,17551.953995295604,438.29425151451824,2.8873404053764227,2.7762932238636933,1.06205183303182,21.46804535422653
63851.90747029048,63205.43505411144,18303.45911090374,418.1168661873164,2.912565600895748,2.066526020135545,1.1126371997680193,21.699727382247886
62951.034607447174,65138.83054971079,19461.002351374173,504.2455304340469,2.878598374505193,1.69334934166026,1.7281661713455374,22.333149914306983
69592.8210321383,70730.79482584036,16597.025874801373,407.2491759191511,2.7373401201646685,1.4632829620016383,0.4684865901040679,22.607536099305552
64131.7710755935,64632.855928035206,23470.857224194227,352.08898122351,2.506569409191463,1.7779357622162197,0.6900834390637802,22.75550553149292
59839.790412218834,58767.47553217733,23839.74932784993,354.38079769069594,2.9977637973739744,2.202835083181892,1.0534375701846281,23.393970174087617
48435.8979567449,48069.0478575104,26383.696883653956,438.46974757547997,2.200998318629946,2.063671301527202,1.3619261945594894,23.36934126863526
59336.693219662855,59871.26565601213,26235.59091978727,440.47824101551276,3.036206932042454,2.060998428141088,0.7652666688576901,23.674179565559548
68771.85426088056,68491.03160726694,24157.178602593518,370.5097976848294,3.3935929412203576,1.6581283689348871,1.273150658515615,23.591663678809617
52595.53212399698,52812.16203588036,25650.89734800905,417.8534381808344,3.5312685604447,1.8350016139198746,1.1328980778681845,23.905993622964502
68814.18320789214,69684.62573874106,27682.593826766188,411.27270947858716,2.6072002779304677,1.8690513753330442,1.1505338385475046,24.652062075570274
60866.21263730114,59210.87137231429,25905.469899381234,358.4843565915459,2.4583317231238633,1.938125844192181,0.44304872421621444,25.31169101024064
65964.09028383871,65893.59301033619,20031.08912724048,343.2778707751659,2.9244384732658815,1.0305065075321789,1.0541430349223073,25.59537390672688
57816.736060388954,57245.04143439324,25909.836292843305,421.03864402239367,3.5470758759329497,2.0073586716852594,0.7930727045398465,25.333277251449914
61273.62019302059,63180.70080745655,23398.63347606152,336.84840043592015,2.5649466899336497,1.1614661575107383,1.0989381993043124,25.183999509494235
51365.43330671195,49335.45636918292,19410.058102084873,434.1048686162691,2.344322941687378,1.3001430653055879,1.0534789401909603,25.99482788936658
63025.330094641955,63958.810617824754,24957.50534733443,322.13435041709033,2.938100019386468,2.2001037920599917,0.82510331288164,25.747434789677385
67718.28442612839,67155.88726595943,22953.849937926105,400.957734503872,3.5152361787546256,2.1054479007826497,0.9000322040928845,27.107983965865955
75029.17144965293,77111.66051155035,28364.35710338993,332.66317120857616,4.876029371532665,1.5205371525312317,0.8884591289442639,26.717724575818046
71388.24303066143,71988.24704344723,17864.375185732075,416.0552306356735,3.2734528339244693,1.8726067905765147,0.6339430632056398,27.005904343650823
56942.05686612919,56967.94446640035,22400.450251516297,444.11322425466705,2.5250262509735775,1.3074452525963438,0.7781819668392281,28.343618255521548
55987.90584994519,58609.045602392594,27457.421171924303,330.13443614534043,2.582856901608421,2.0973489885575254,0.646706823314566,29.15721413854587
53063.76453374745,53786.43299789471,32300.649451300713,393.44797557971964,2.502069437309246,1.8907734630901534,1.108664919240222,28.708552738160083
60397.01855197375,58705.63335519664,25211.619533048528,359.5985097068502,1.9083820812872958,1.7209759247344876,0.5702647975636228,28.864855775062825
73609.15327828754,76345.5789348286,22133.95627775604,371.95633778660374,3.344390999661918,2.4245142448291452,0.874378424032094,28.80086248199203
75448.50544407025,75286.36431391553,22573.39278854427,407.1948390324974,3.289851181064928,1.5913432571125674,0.9254791582989335,28.589752021467824
58052.15512549598,60231.34540356779,28708.61089333945,394.44740495688046,2.533443987206815,1.8754368162083348,1.315219998323562,29.19284080537598
70152.9446026409,68225.65189994377,23549.768533573966,504.5658599970533,1.99608061547316,2.475365262939928,0.44458687760787063,29.72939616669257
58792.25683112244,59761.4983233254,9227.28426937809,284.9314112289222,2.716991853183109,2.014758016110395,0.732034943662266,29.964754481648225
51696.78783232622,51281.89736328827,20766.169256549092,414.6412780608242,3.2907099251213427,2.573172025122821,0.803074436435121,30.216943937997893
60334.21799209661,59978.34352508211,24740.04726449081,306.26927625830695,3.185877411785089,1.6339233758795049,0.7129115296010198,29.88262862737223
68127.01141462981,67935.4258576483,30747.4599119,416.3381009108889,2.1483195368520422,1.566521427642054,1.2273795921821828,30.594602251927036
52367.59165787512,52179.718599048945,24115.16418621871,339.28795605440223,2.836927372193269,1.8086029306654783,0.22300310876231977,31.529527252198335
54320.37523552603,55737.52801602402,19249.37882370274,305.2240972167185,3.5938119719933397,1.365977953681465,0.8091477191862501,31.87761572766399
57692.47729961629,55782.311719887344,25940.17617305817,388.34062532972536,3.6419275320338564,2.2354591616041324,1.9107142894334668,31.056752230130563
59848.27672693646,58571.528063908074,30773.752504160053,449.31027866520907,3.3770189132755326,1.6890672173658452,0.7764545273849313,31.165611183987796
71966.50099336202,72697.99628031848,23695.700247402056,456.01092061234,3.3754577683171796,2.390105677894989,0.5129387666240481,32.124285036020424
61368.09386747282,61804.32423150754,29786.174317246754,339.48186698472796,3.063604567888888,2.8821415167906173,1.2075765932832365,33.21723632927177
59865.68910813124,60784.779510379776,34019.9489334887,406.3985192358601,3.611989202413671,1.6499442486674256,1.1770296299892493,33.53481510451577
54735.976345192634,55938.114348309755,21623.767019834584,351.68564454761065,2.9994038244474357,2.772795897190629,1.092745885921841,33.851351037643774
54877.415950829294,54962.47315310787,19117.218150064567,365.73361759965286,3.4178203343961013,1.9846410776355639,1.435388902643209,33.583002305710444
58614.44850769289,60111.08820449987,21756.917471934103,308.81412364958925,3.6506384603942714,2.165675150377153,0.3504415157265346,34.00722706669963
57173.49100571678,59168.66249800173,21355.042933908124,365.1539166565871,2.544799588263235,1.5783775653360244,0.7898512237936078,33.56775204847122
52781.61833109523,51085.65495555295,17513.60640441624,306.4194981239537,2.739420532869681,1.7265245817649026,0.6320588807074765,34.8256016029233
59663.4688290128,59148.005153464976,22680.133604699466,495.57277369575047,3.1199070539387512,2.190151330797867,0.22418801683708423,34.56035080041052
44802.95251195888,44421.04826733589,26866.55073171462,359.54213397415396,3.2593044151211803,1.590900009977852,1.1727409442642651,34.411165259495135
58168.18224084195,58656.57067285531,27679.603941087164,392.364198226539,3.9698571348152747,1.8342320652071173,0.8647012772592024,34.10896807168063
72382.53677115028,71848.35612356041,19119.922521415316,479.2542668233293,3.617753061737832,2.0433302498264245,0.5695235294113812,35.99896170967476
55650.25608089911,54347.18107641282,30216.86183571759,272.04447481682735,3.283581628683529,2.183742038628065,1.6153032409368027,36.25281247982473
45590.97956185385,44828.58806474237,25323.334606527973,421.3338186165871,3.490408038171859,1.2161296951683767,0.9010150938399818,36.87590791666028
70807.78856879723,73443.28819684953,23048.90411317758,465.8563153963852,3.8558561712043966,2.4792278093571247,1.2171055786096074,37.105627787212775
54470.80981878867,52894.152478044394,29914.239643200093,379.1759914970321,2.9859332096407987,1.7685119792342499,0.882127947445096,37.108855900350456
52846.984380658534,52919.38476185535,26230.274376145386,395.358674752676,2.6281850961727975,2.3146479414073413,1.5617910891979898,36.99261160280355
68641.23995439582,69862.0437079122,11733.741409746639,354.3283540032148,2.6820798477073593,2.3127086203124607,1.0565463643112465,37.83118400714076
64453.95207509884,63295.17737793978,21267.250242494883,326.6266622372015,2.9148647002965165,1.9523587173352452,1.0513615980998934,37.53108302905936
66345.67218700142,67562.59885807407,32732.594043340505,442.6784737238212,3.092755619234658,2.2689695891410606,1.1829255367759592,37.869581271851736
69025.6973919818,71398.13567066098,34884.76590204924,402.11354254278467,3.162135221649052,2.1665435562085973,0.9992363310398223,38.80588498461065
59151.74104434929,58922.488530005234,33794.91084493315,409.88292639411316,3.0335051005386773,2.352807710812982,1.0450998887347944,38.94280360980764
59555.05076464696,58101.411441760545,24845.14142111356,331.7869142851033,3.105075612845423,1.527424714720236,1.275012739464978,39.472361743701676
61962.997765775326,61838.905860984385,27081.50639767495,282.1000997645108,2.4515900516508324,1.9405066947544198,1.1035778300627692,39.35879835450008
52967.729031310024,53109.09569935228,22731.497887655616,335.88417739617245,3.1647510075419443,1.916008717451591,1.3589449527089354,40.032014153777915
65142.69933692528,65561.78397976086,20774.110113861723,343.86237147229906,2.2644209511544515,3.151604999025441,0.6761665632541904,39.895084082772264
57477.27584194295,57154.14133143624,22079.74746826787,287.8993090437603,2.500903131253404,1.4437321879090979,0.9619661227019269,39.958652177023346
55189.73818774482,55428.02456869488,22086.074605708724,455.92564820030884,2.8069101068455278,2.090062691289603,0.602410984572196,40.92994026984947
57163.71625096508,57631.038872734964,26650.02583890565,389.5934106552439,3.108719558147463,1.8458814256188851,1.403832925102376,41.36940006643992
63377.459825591235,61881.57379071924,19503.47172209603,360.16830583709816,2.877498728222851,2.1792062675957355,0.7310386454064084,41.79154455446877
60025.16378228602,57608.81266859698,22623.414434703725,244.88888293109352,2.624135646553372,1.7803488602187985,0.8168769596290342,41.341132627367564
57241.28729582469,56561.56492158682,32512.484560234167,472.89413485794637,2.4290796716050806,2.5015599594053626,0.5135897554358311,41.397205193336944
70676.34922131387,67510.68014487025,27873.928314664765,324.790353006416,2.9279999375985453,1.927918715718843,1.5091612635114378,41.69996143715294
59516.893717273066,60263.259151729246,23741.112542683815,350.67596039407357,2.9704001100739896,2.0374045943430277,1.2652166301727132,41.93448886479224
56856.08640558364,57223.31155477649,24164.162813313134,388.8831861411135,2.991498448337927,1.7216642047052428,0.7600928795101906,42.92713200659796
52334.29935045849,53554.09029700423,26086.52456598295,323.4075345058826,3.1415134978576305,2.0669114396342563,1.2286484151351893,43.586943582914984
57435.066190347454,56622.05823106381,21970.09228056202,341.134694271945,2.6267792165844344,2.1138009750445366,1.0045797438456494,43.06259217307527
54832.20932452311,55213.71677954274,22492.00493639071,337.59059543361514,2.924162571196928,1.8942025607620163,0.6789876120709945,44.02261073452168
65922.08700898281,65976.00294955123,25655.201844545234,431.6384859847947,2.984538763868206,2.3565168978570648,1.4968025454098455,43.95002095735329
63081.77396783873,64183.751581642144,23309.785966006573,332.30172896848694,3.4530004076730942,1.3724942573014953,1.5366510070066208,44.64574302998053
61313.83818657228,61376.495943045426,33756.789740564695,343.22644259357753,2.419903269838187,1.7607456301151425,0.921460754778934,44.008043575290955
61077.0275149967,61243.089780784256,20930.714260060897,496.1831591466138,2.3039630300609986,1.4893108565378754,1.1128360095125351,44.70828863306565
62924.0879844454,62145.124748211914,19833.301109912452,361.26739157459895,2.658202346481998,2.2099984033338282,0.8560124938078545,45.49349714363281
64116.52742063458,65450.91588610967,29503.59514412605,447.0611694374347,3.3849264845049327,1.7933230921903096,0.9214347574779138,44.498470266656746
62042.25393324818,61206.214815321866,27007.727321752704,431.6490447148366,2.3239531477023356,1.5944642536025795,0.8951960992747595,45.45548538646974
61169.14128894855,59755.615696378096,25235.89166077637,298.6908674911606,1.922444820252424,2.2866654558382304,0.6084059532651804,45.7350787401848
50078.459442046165,48667.37786765526,23005.717201520205,375.3922976030513,3.4912935662189932,2.1798048043655704,0.9216644388007114,46.69463123901451
67815.87952604945,68373.73021381452,22968.419310872167,461.1162025971147,3.884260813053048,2.26421372748469,1.531202977120223,47.07984081171532
65942.01008189986,64504.22831830798,19432.253270141224,397.03099092009955,2.165271153048192,1.76281847480381,1.2602012182603717,46.58471552407281
63732.337130590444,62009.96957683911,22531.79491406944,461.40642576503933,3.1042562184426488,2.116113010871139,1.5114171494783886,47.866446864025924
53862.00167761592,55281.694827476844,21923.779386765695,398.9446100368082,3.007606542234408,2.4292160987494054,0.6612200084701774,47.744727434502245
63668.10415705771,64701.454388655264,23948.07101336586,460.20473400226473,2.6442280070236257,2.4588234987073228,1.1056720504030693,47.11950742257406
62855.44236839057,63080.84775960262,23221.7182777369,355.82478363810867,2.8799035215884805,1.4231371947222804,1.5072158392252373,47.55616134934568
55371.01827195307,56638.902794144924,27925.154228027932,443.2147222793356,3.7583542256000313,1.8751429057305322,0.6860515227883577,48.84318661619934
65573.94803165,65145.239433102906,18672.100383321842,474.34903309473515,3.287923694082754,1.4506104313264858,1.2339861449578646,48.001315808737004
56621.58691075718,55349.51563695816,21810.8471385552,350.00133970145043,2.6933445935800617,2.2897055848188064,1.0883772901171218,49.336922191999776
67646.39486480059,67142.15524895865,25399.473416270943,432.2891798702583,3.8533692862994227,2.359631301352815,1.4144653466261252,49.832790632906054
67400.85792231375,64995.09191648784,29404.29597111729,412.7754908031278,3.027107187197679,1.7890979446738915,0.8724177765158065,49.83215051978946
65879.83034504953,63906.353114124446,26090.519103296963,366.35879328116226,2.52459861683928,2.1570489101112877,0.9013846504314481,49.59529368973807
54615.844745093935,54923.11222999899,24949.80862874268,334.50157738247526,2.579501185122018,1.9269974081424721,1.1215443430390628,49.700706656726815
63416.74615050604,62371.63471822405,38638.72299349618,343.5398282718024,2.6049372298561857,2.07760134994146,0.7292857098512665,50.94013140477579
72609.91442729745,72047.01361116298,25863.855206072203,368.9344200229905,2.9999855545092386,2.572693767401221,1.2682738593120089,50.374955202420985
70821.33055650994,72467.30514667061,27431.841593670466,360.4469550208429,3.032853769867782,1.6818136236515067,1.1402817309015845,50.9695839997103
44355.26579853671,45176.9054534287,25957.265188414924,464.7089841480457,2.9319101334268756,2.0753866475658023,1.3345978433460104,51.62246996428579
62016.01211152475,66002.88630042673,24154.99904589525,410.1511449867048,3.8670143505868655,1.677996919388601,0.6877008095544312,51.01329040797942
63735.637215417366,64533.1366989774,28707.438232774603,318.7863951971978,3.5029295797409437,2.4789063525573662,0.9708066026026946,52.04635842094794
64729.17044783542,65204.46833182684,28209.84832521656,334.83483652209856,2.9126888071367953,1.5150106561045087,1.1893830856168741,52.595935298807525
59308.2950643437,59660.34818979846,17217.418209345156,451.47551586322845,2.766364465039065,2.0516204053662905,1.3346109156935748,52.25332864323099
68380.6346272689,68550.32159538897,25140.95077758939,433.36273410178524,2.3764872087666085,2.2376424710244347,1.0184528376115753,53.45046930837013
58482.35078093283,58057.39761358207,26848.19076328365,396.43793244854993,2.413015662719374,1.922416908091553,1.3802890059562571,53.186530843833566
53906.78027462589,54678.657451240004,15732.781648627599,272.783964962472,2.997924851913411,2.072370092345725,1.066119763487903,53.08744314087038
58946.502659053695,57297.49399207208,26097.811553404736,303.0808687252131,2.925378629160398,2.104631724453188,0.47301229017284097,53.573335003409944
65517.02372490551,67546.699036472,17480.198558741893,420.39510750589307,2.382025312642276,1.461896799236651,1.4788221493193063,54.46942946378953
54370.63991869804,54608.813408981696,28209.73168131912,410.8775593835103,4.12363937184972,2.242311656455354,0.10210551387134659,54.29099034428036
54843.966474753775,54620.04209399491,25067.32948149563,360.93142444189834,2.457541197001997,2.5453621963770834,1.1792025981845702,54.401472430131825
64757.547574038275,65632.00832717144,31336.537305731763,336.6812004054884,3.3899408146773626,1.75688466219718,1.346513371407746,54.94136940761438
44097.545371519285,44128.7258406934,16079.187389916668,386.9710344433551,2.9709041848974262,1.8394779936759609,0.5539240344104336,54.78048141105231
54087.8658046726,53819.47249951327,31442.498899566155,442.5451258224549,2.763902383255201,2.509551082159741,0.5895812538695822,55.98160840289289
58773.35709858779,59051.14912482389,28192.310972728585,359.22549900308263,3.4005790669434517,1.9962760055069537,1.72353967062605,55.78771908145501
68884.22385571945,69775.71029090305,19129.367917746415,481.6373343540787,2.4697945981864975,1.1072019318471953,1.255994705803586,56.77507819640346
60364.17941743829,60049.05508590953,32918.40899745516,442.7120844271384,2.672067038136131,2.2926131918543877,0.6270125110839393,56.26186941460971
52642.08977459356,50325.819526080646,19113.537262722628,473.3396741848038,2.451089060569028,1.7799871879987192,0.6517078950037134,57.274908871469925
60008.38213717083,60597.35875933996,24471.56609734256,329.7383819666878,2.513028602203138,2.3349063761205,0.9827779913448683,57.530057987218825
37861.82890644614,38702.44384680995,22530.164053275985,530.3714347837383,2.7446224583959107,2.0113075486717973,1.198113288699249,57.00571144240133
66109.16551674757,65256.071810496476,31445.515441130552,447.5923754040926,3.247818323313019,1.7103223285107727,0.9368286494233798,57.89431670643548
45766.600816193306,45261.567020153634,29690.36751945718,323.90915365501746,3.639489153779102,1.7486739247853136,1.0969772029121474,57.47128085710077
63390.64785099908,63977.30044405634,30681.869788077907,481.244206198648,3.626761845851494,2.0835675935111517,0.6321507644911312,59.007747203544646
50871.05684935834,50424.704194970705,28685.543045205093,426.6134615101027,3.796532691812378,1.998378629354089,0.49297930807027124,58.50898733903278
61218.42342589122,60789.14878792183,32062.26775845023,385.14324331121713,2.282076350028056,2.1867157862473503,0.6556944349303142,59.797314590883104
61890.659433369045,60153.65549603101,30396.95913414509,542.1547928894953,1.9979719734812238,2.3612294035883816,1.1452082741018554,59.33596044922612
62403.29894088914,63017.20470464676,21534.975823264278,484.6593902870666,2.325237919490977,2.783425348111925,1.4583061648643953,58.955804657146224
59962.19908299666,61664.95642813525,22545.027832475793,390.2554873157629,2.7988113010135907,2.4669891232022643,0.8176951740627254,59.84471126289289
63781.507813077566,63516.68480872392,20667.842371603852,319.5070838630808,2.2408717806971383,1.5280782998885742,0.48383513380386556,59.78693754588847
62101.503636809946,62168.6917116748,20866.834594173582,338.918862677025,2.503305718540812,1.444840790923599,0.6292367266750767,60.80830860643502
50167.71945187375,50185.09338461539,21909.730749249182,545.6766692066689,2.1015359833626968,2.0773203419702875,0.8998748218006766,60.366314517008156
62206.490680045026,62400.05814093394,19655.47417961881,425.57664153055674,3.1945842893345073,2.5237878892977825,0.8170086360137732,61.78785379802014
58622.27849191852,56305.51156501616,27615.479003622633,395.104587594199,2.558824522031819,2.373296137540351,0.8585115147210247,61.861826262496734
59421.092106705495,60312.79084616851,28397.388805753428,428.3900749308717,2.483978285413774,2.367885190864131,1.0065285175083136,62.65526572516876
63350.68918306545,64302.37647484413,21175.53522239893,375.6315048641448,3.048358997164665,1.5318095832585197,0.6489167890257266,61.90059583909505
59454.90160749417,59695.188457768985,30585.520670020494,375.9797582711358,3.3404378545281332,1.942145865420818,0.9417964256387311,62.3841731238383
45525.902099292914,45586.32122163646,21808.712627295234,344.20968764642606,2.0565042913138982,1.8228435636131757,0.4367691784380784,62.99145255712441
58324.84876501868,56362.71712593171,21632.375626346617,445.29722511963047,2.7025582665923844,1.8875128775289611,0.8892450357488073,62.793004804837565
48101.63069584986,48057.89700305071,22209.53651894139,577.2267558483959,2.8934958100229173,1.8177501631037671,1.2965431021010965,63.07987865208952
61773.39533523429,60693.453111838695,32776.14035223151,362.33951947484854,3.1876751413096853,2.4529430123528977,0.9086485227545918,63.45857209160891
64105.5935704916,64980.868156138524,19549.510075056645,410.88899379528067,2.5273154822086337,1.7018519175661737,0.8054826470247823,64.36738742127675
71176.04133884702,74884.95736941473,24717.247908099213,349.51558708983544,2.5152591145049157,2.6429923155937884,0.5384865402534541,63.901666096698236
56037.55867892537,57998.86793602457,19933.27950521027,466.0998002355859,3.6566765371484298,1.9332919893827623,1.139648588429346,63.591545089935316
59382.54531721711,59127.168239937266,12102.08677574063,424.92261810912584,3.177583208408087,1.3226495799193898,0.5763172512071766,64.28700956265355
56295.72752395332,55950.785703983434,20209.37884426774,339.5285721551808,3.1532566219004003,1.8099007843748218,0.9679598189867784,64.84756608056439
63200.40217074155,63005.39747901802,29307.697345737117,406.17991168387096,3.4445171492351974,2.4988328900020482,0.5618573630915314,65.72415545544482
72479.75503880426,71069.98157955459,24840.646462496778,378.56775435241053,3.220416966034807,2.207996749192418,0.7992113193278455,66.22018803562054
54003.23431818673,53853.8409008417,30117.961417831135,517.2062735181685,2.7436723787598005,2.312917844787045,1.0660125114146635,65.073439824212
53313.682185991194,52029.06686984377,22483.4147239792,374.9927101507617,3.0139743968777575,2.51107757255048,1.1267428541417686,67.49194486186502
58296.0044084049,59216.21024406622,27072.058473471716,490.3940015547171,2.8106419724518887,2.3381031385833,1.4887218271448073,66.10575899039208
59475.89836866938,60075.77978091756,22826.102747261335,347.48535601868446,3.9163664979322688,1.9081399582357663,1.520227927471391,66.51270463511611
58550.3775771776,59483.83353713431,23969.90426743797,346.06791139381494,2.6400444082975723,2.1090689433370517,0.8001657945447235,67.11170304971505
44198.99904251901,43705.63012389828,24098.441216041483,369.24149767231137,2.5032066909166346,1.6465981680927773,1.0211562672239118,68.11195081543501
50211.01561627136,49933.58950196173,29885.24801342875,420.06747129503054,2.9531213091246196,1.819714958621391,1.0039785655851412,67.61864087394062
44694.76766916187,44054.93236468451,15252.055402027556,477.463391617989,3.411324253269983,1.6847063632138193,1.2414633293666901,69.19424855808089
55638.46477258901,57084.258217899835,26812.52558370583,385.79804680773503,2.4470447250131233,1.7776299790377719,0.8815262451136117,67.11278887617578
63713.233098771234,63303.26227911242,27296.221084851266,374.84636642088947,4.499136371729728,1.3370861456759613,0.7200821635938282,68.9240312930045
76509.27418665102,74990.68949846298,34146.074475016976,344.97823543746176,3.646683561972427,2.0301578195620373,1.6689995621562344,69.76317308481876
55465.94130319496,58722.57020608633,19379.20569254142,381.182758445025,3.903951568743782,1.7060867577175332,0.807594593421571,69.2382475294797
63167.40670049791,63656.552749608185,21271.51323905721,411.8136109465556,3.318712704345533,2.601596238425464,1.0984481464634888,68.84719449140181
60198.922480648565,59451.74119333234,31595.154542552853,299.47465020228407,3.2798665693488385,1.5738414790590758,1.3816171371117243,70.16001715209389
61535.317993512894,62156.74927748755,23315.599606098196,440.54663754850117,2.975186658868976,2.2924816027378734,1.0175728826943524,68.83459222727214
56404.39621160977,58116.26112060927,32262.701078178943,406.2729472313217,2.9369832109468335,1.86590074452079,1.189168271260163,70.6654587117984
53146.357127200026,53849.64302468827,31164.48305500725,342.70811071682533,2.906579332978833,2.185425936091311,1.2168258902338192,70.46642417931729
56299.2568770615,55776.92886970388,26926.16309616601,425.74714691142844,2.990291228061911,1.4543104178297033,0.6730039564242629,71.2958556257883
51452.38250823895,51685.31468628814,23196.011891494374,363.8662896328761,3.013349230682698,2.670540836476568,1.0866449746200597,71.13036262540896
49686.398849448684,50195.42448669575,30683.51676851277,436.44256280278745,3.582977053619974,2.190639271135006,0.6090175572751011,71.55647248799625
63674.075884050995,64592.270735769926,22534.617798358344,396.19807925853274,3.182934821141121,2.5085172067186985,1.3015716405368618,72.20285840840678
62773.55793879284,61486.34675315549,19495.200921786134,394.48872072480003,3.520791691537901,2.1581413693926548,1.168328780594981,71.42967317179414
49768.4237044554,50883.1207600306,24826.807858028704,321.17872726213966,3.441083713108474,2.1032144645363733,1.8854392823523232,73.1062032311846
62426.88127241338,62238.2153007096,26161.477540684486,393.840869751362,2.2806016425892253,2.371008847888221,1.082457255248206,71.40460149465254
55551.33742405472,54630.58307322073,29904.450913346645,397.3566885939045,3.7437034272832452,1.3633921625206158,0.6772641650529654,73.61625403027952
55413.45054077814,54240.201067299415,22366.64298669493,354.41054366928466,3.269663923645936,2.4472670444627367,0.523924230660596,73.2380703995198
60099.70715819898,60198.50342556221,29166.277848306094,407.19082636885344,2.7100983215066314,1.555242591623775,0.45258721859189777,73.49865456509652
60100.86912474957,61208.79845369666,23111.154442296825,539.4222564553536,2.961760206970035,1.8066624962369753,1.1141785785644864,73.49968292869511
61462.35628938661,58925.07116304887,28380.47037955566,404.0007193555727,3.105285391272574,2.0619235031999983,0.6178731792719612,73.83640358880484
70964.97439162144,71666.9564842783,22013.683598891912,425.2648332740709,3.2038554503511647,2.781793785342293,1.3331052657600915,74.79205051240234
56855.703305324845,58883.96219739903,24492.256739443153,347.7692846618942,2.389876757039859,1.6550413847807628,0.8907744267498865,75.26991878667093
66392.29796631262,67920.74132748182,25764.883474925966,449.8895518025148,4.12965778791844,2.3641157682082703,1.4808647723608848,74.43265064926618
54807.40734547432,53984.07407869164,11614.828784609268,404.4206963608938,3.6962244964059043,1.7858732484493345,1.0586326692651824,75.06169470612643
56557.90648595526,56880.63703380868,19021.121140600815,470.44198186565893,2.0406204034164146,2.128893635234521,0.8525554681890617,76.5340460567334
65332.91564350583,62609.63177615324,12888.016965089018,339.9186153647769,2.7488868111921168,1.9243972237363196,1.0090736225092805,76.42702357296686
50438.065008457954,48621.74322646647,26262.30731502505,378.3411393268936,2.9483133338386858,1.7432680614229588,0.9480373707385884,77.13423089541887
48637.10793406787,47444.98280016192,28208.008012592763,494.04446599597213,2.897175546337968,1.4949136570007369,0.399664016437699,76.82200054668014
51254.520450537675,53484.68554125503,36708.01767952635,413.5780775928254,3.242730850798543,1.9528349030195133,1.342538698373328,76.99094596414345
60443.49726823019,62088.04788560587,28130.912598806342,527.8588770350245,2.1815852220463654,1.7777670327683746,0.7288281954676374,77.71412266736968
56544.86753107978,57226.04318026475,19155.06022938349,394.33953437792985,4.14849771987657,2.6553472885837044,0.43644041982377546,77.77627819452947
65784.47044639887,65135.29954839689,19488.09847666577,439.71926826893537,3.0504127150342693,2.221016347438292,0.952584569452736,79.06031943334868
53603.112433071314,53071.37091137245,27574.427283520443,443.9045058194873,2.3106431846147055,2.51892508550807,0.5625644665542855,78.19868852182759
57850.813586000455,57032.080165467996,30666.252148102936,259.1768329436174,2.634608593847161,1.6388944596225659,1.2624692220439997,79.27145125951054
65428.28141481367,67254.10343651,13877.228911437727,409.8160070214354,2.3084833019160214,1.8500138449506114,1.0734014945916586,78.84430478186442
69630.27657742177,66874.81805756221,20821.31775116294,311.16220087790373,2.180604601461681,2.4023117752542493,1.0547256514141652,79.87605125312403
68296.4443636431,68389.53275460677,20151.918094537083,459.5075075860686,2.654198467202759,1.520230473829497,0.6548769671017383,79.45942479683521
68858.70892515869,68931.16042946276,31122.142661454272,405.480524050954,2.786775616570381,3.088469495617933,1.5463133589747189,79.7977016101865
54174.63690019058,52431.26517404715,27006.78815487199,384.66929633745065,3.233500405919093,2.12921648841558,1.1308828544326937,80.57111380720879
62199.53912772768,61299.58141917327,21147.257200074193,434.9876119021236,2.4640865228142115,2.287336878228511,1.214258023215599,80.27881013512113
54530.03706354936,52592.760727300876,19380.17518843463,302.4442005058014,3.013335546168471,1.8230849851364541,0.7238015388909242,81.03780649485263
60905.29519817492,60963.261116812064,27790.583902411396,462.18714676841347,2.1985880062426166,2.2826719386229763,0.45731896020863627,80.50506386857906
67085.01904996276,68012.43254086444,28323.704479961576,410.9250943366463,3.7064882781330066,1.3836796861875853,0.9084534060055294,81.2266820445979
74246.99610696745,75771.36104471551,30192.138313409312,354.3192690929761,4.124830777023304,2.1887233437341784,0.6982226712637689,82.67643904703974
50011.64253894206,49142.74050944098,23829.99462125492,341.174815733063,3.263605598141937,2.110705074386926,1.0340524950406982,82.7514146940407
48562.21582840846,49889.31024007741,20876.740852124392,487.72983417914884,3.952606996593196,2.920621215502919,0.942845715033886,81.52363342329633
62295.48268658746,62228.990272101204,16185.753073026677,444.13269930784384,2.538661015299879,2.5768035296965563,1.2895490789019475,82.2653463415723
60253.150533786364,59960.84172615503,22713.03349146064,585.8986394194826,2.531901559376011,2.022135035401092,1.2974414711490456,82.51459738504096
55600.200484944806,54122.23479092975,30960.176663754377,442.72017969614217,3.234966806946848,1.396481649882185,1.151074851603641,83.15017100059873
57633.553568734635,56046.62428043406,24716.586958700158,347.74947571717126,3.040017387780831,2.025336025331904,0.8985525208566721,83.74928240830967
59537.64610688958,60167.657945923005,27092.011658856274,460.4903887914243,2.5179701521382643,1.8618780614141273,1.276598352291529,83.68578897422856
67880.63676974887,68892.38788037882,22776.599613148424,452.83065641661824,2.8712571311048634,2.382641798094728,1.556129328944321,84.45557168954595
76026.5064222521,73667.2793431677,22258.125798038047,384.0193247424776,2.799854729283553,2.1489792158108556,0.8895674371359409,84.76358002817199
66893.32339436619,67446.49560645269,19938.933562035385,432.8424267475457,3.337145007829476,2.141554172107392,1.0090021275426888,85.21144563200588
56161.33453511251,55749.45014728072,28335.279305806194,431.8474778845043,3.426298762650823,1.886395688993739,0.605588176929742,84.19323900642058
56971.29099436425,57874.20068869908,28961.320915789256,291.0453265135706,3.2669478859171805,1.9651093718406352,0.6873682388767568,86.20816947058253
61847.70520448749,62871.179863648314,37837.62717968779,365.1328357671712,2.801604903354661,2.595606263651604,0.6076987075959093,85.45051668273213
60323.50560734876,61494.00003268195,27026.954464056216,345.20920793941514,3.4861231632066048,2.3380597649742665,0.6846987711362704,85.37038411718947
56319.34752234537,55024.74585677894,30323.334013925225,380.56943252537206,2.8610849080751044,1.5848977075876884,0.8816383431823988,86.75751340887187
65238.017799254725,63127.70204246465,20051.463570237865,438.136060917594,2.750938948760065,1.7787041763233433,0.7418523540044649,85.65025490918498
60667.02561006156,60205.626297833034,30701.889351331796,395.9975235919115,2.517414430986983,2.2775222004385114,1.4038441948354072,86.24867289623424
48081.968669352354,47621.37605909035,18250.450932551583,498.4970663855201,2.306127719706207,1.8689220567560885,1.442056495135365,87.35289949699332
56404.37061572194,55521.005923322184,24092.517153832654,385.5906878470641,3.7481992769385375,1.9381338582724208,0.5950090500773968,87.71093160608758
67255.73024526563,66950.66359539157,28860.625172454565,403.0747938631987,2.3966008346081993,1.9675701445892215,0.6565966130613692,87.20171945481637
53427.71576429356,53783.37858984384,25932.418504405327,320.8192385260927,2.540072488809333,1.9989231807014038,1.1393103771899231,87.85566945089968
44552.43833640728,45699.13340616985,33861.558446682444,495.02756118718776,3.272051974958811,2.268794354536681,0.8037422983506065,88.21459008605922
52085.59664089581,52212.43584701103,17851.535404033064,435.1121061207147,2.822722014601236,2.306827539099983,1.0547721278340776,88.1912729584692
65903.28181602209,64356.657402565295,23675.738007480842,367.7473444627238,3.371986210558853,1.9697938937220125,1.081005623855681,88.9845400242204
43577.1916601918,42769.86478660764,25579.649801585656,460.74855397425074,3.286293880767711,2.5243064672239495,0.9335128383967914,89.07289661747028
56501.40700277188,56009.085096328694,20847.815741074133,367.4031643940826,2.9047658892209784,1.739378376160127,1.0079724690503464,88.41399121405426
62995.53659921579,63219.11637792096,27231.14392527865,372.190183990008,2.745890145863194,2.3929443751401394,0.9536488813933545,90.61733484214706
50157.176171766274,49909.033748908994,19363.132132185074,352.79532504936054,2.6050041927265046,1.807707088884156,1.2348526332663443,89.35286500604973
64270.08219161536,62417.96270269597,22972.371641130878,479.1885621190272,3.2310213945816675,2.1089121341968675,1.1890317784368798,90.51355141719343
64396.03950311735,66203.84630942527,19807.728187899393,395.7556459149785,3.3186344368991874,2.2998569141192204,1.1674173731970965,91.17958407918401
56493.03328178124,54968.03752396243,31361.934591263147,399.9518175109687,2.725656799797334,2.014303839518005,0.8703171373129786,91.33017165706609
66231.16591053028,66644.0945084822,27704.34794233612,401.95645751442,3.5132544776225547,1.0546721642792478,0.6495414636316359,91.10785428323872
57105.65828099514,56020.06195815186,28099.84279561299,341.29697904341447,3.1086806348965137,2.049715883958572,1.017309089804372,91.01397902975607
58647.840917962356,60086.984968540266,27717.616723689203,457.77032283875997,2.9599590090731103,1.319086759475883,0.8600595473853496,91.65398433815737
69110.55713491843,70680.68523603694,27124.22577220067,348.60834093397665,3.0642236074196756,1.8953074028554595,0.926947522877368,91.41331413765562
63247.33256955318,63209.583068738284,29021.90909555674,312.30241792642585,2.43650912864517,3.458508943644235,0.7359849613580015,92.47461845825076
63064.285809485256,61825.46921972994,33638.03553414771,396.0627930998656,3.074740020335513,2.727354533992009,0.7626937230151731,92.38775845847158
57581.41041028062,56000.63207466411,26379.197342420033,428.38323505633156,3.0916599795467543,2.262332140720907,1.259696223212184,93.10168223082306
58309.91239267779,59733.16014552228,21516.68064422388,483.78145258312304,2.9035218137812,2.305921106805933,1.547965593107016,92.10068389189514
58654.17734774443,58180.3121710278,33536.93262102916,375.5906557893203,4.364509750928487,1.3888388385575041,1.1048516643847976,93.34068365167131
63535.63233384465,62817.497092313664,22744.84053450628,290.6303177550236,3.0540868357067295,1.4008311930859811,0.6070993147128952,93.87802150481406
59150.55588256895,60365.61469240356,18234.351995989935,425.2607217149769,3.1612500718196044,1.879051527258958,0.7589093638568001,94.09579214063316
66187.90134082804,65693.13917625732,29236.475079646287,383.5715098992793,3.8623977839109096,2.010721400309541,0.9473372863198449,93.63067624893776
50009.937467255564,50391.30351171974,23862.750821618076,416.87659649654734,2.657679050987319,1.939824726912224,0.8128915598448634,94.88444141146854
58472.85141766674,60653.481333977,21559.61421459173,467.1285856084636,2.472753520494276,1.8138671290518373,0.7475368389072998,95.66741260089383
63058.92598470968,63231.92583653337,26172.274809741477,334.93789890011226,3.701456501581384,2.555811552956527,0.9897100674224136,95.34497620271509
64543.94885612934,64317.716769023915,23999.11746955896,370.4317318034476,2.827054635482336,1.8095759484264442,1.2189558904354687,95.47494935301155
57001.44835980681,56286.85265981911,17502.51645722021,493.6109042255607,3.254298020022389,2.346600303842317,0.8410307498100471,96.66844991241061
61016.41963806768,62789.11318918665,24933.132622459434,397.32011597074853,2.7360227377507496,2.030994768817452,1.0674952291481654,96.98694973972663
70777.99041653813,70905.3155510251,31095.192145110334,236.94091850909777,2.764853790939351,2.0998845611859207,1.2661364916188294,96.75290384112256
59607.627816630666,59057.45222526692,21001.17150902676,514.1176253691353,3.5611128900688316,2.52311085887559,1.003181747207418,96.574870592787
63882.85925926882,63851.401488104064,24359.611864577964,398.50862281782474,2.6835243665200594,1.651433842171291,0.9272786318450934,96.45014630159314
64187.74836621816,65264.24206305654,21152.30507712047,290.3542038106356,3.1967897636525735,2.0953729835550527,1.0061521111789578,96.77639497719926
46575.816769889105,48170.162276444134,23917.960197365996,430.26394904796217,2.964625108646833,2.165416042091303,0.6165202069904305,97.5215061888888
50512.458379002106,49414.16306411146,21454.90029818224,291.607030503167,2.769400340293942,1.7156444429460833,0.6441355301957704,97.97869323035974
59920.61521560022,58917.57585547635,35059.85744678167,443.09244482097546,3.5608282869597585,1.8686466715878274,1.2680798269181648,98.72865223133729
52870.45085440194,52149.075921018986,39576.11157930427,375.32693911878437,3.243430600157404,1.914159351964961,1.2494191544202997,98.14932388527541
52962.953225576864,54164.51379921645,25992.662149688844,251.3427474136446,3.01170717529511,1.9272129173617836,1.2132004701637376,99.10789547429204
62395.37701386123,62504.52461232927,26452.343765794667,330.8425872562566,2.5925501393509873,1.659075826646076,0.5976521376649275,99.64224724480586
67543.08749827462,68372.51041495669,21993.840455261336,367.77231383282293,2.780062704842634,2.445159301289398,1.1579883497978525,100.41832730884502
53212.95640011371,52972.821190910196,18696.600525933012,314.9654931354439,2.9223700805683714,1.8657176045115555,0.8461549042769062,99.08226216906824
61377.38854172704,61028.92499548932,29574.327545841676,433.0301512673882,2.344129148640315,2.1582767503626785,0.8203395304517044,100.91662879308365
59792.88115877223,59190.75078260885,22967.294178772223,309.9461687147432,3.6372283521758497,2.8477419436130518,0.48106093321367027,100.32523133782128
59227.167328631025,58523.22047542257,31087.682923198285,474.8463463045844,2.8773282118457377,2.828512879458215,1.009831240869811,100.63092762968623
61958.62533664353,61034.1618790734,32265.66475616602,436.99817494115695,2.822527007869034,1.9257925178204662,0.7276683579061257,101.18388625268767
50944.534322100095,50947.76414916973,22413.972927099225,434.02335071144694,3.5212841437957314,2.3147752368384307,0.9632288270644112,100.99857156672047
57902.36515873464,57883.1035539094,27439.593598346575,365.90951617371144,2.5163603701190866,2.069370669582653,1.4076406622483129,102.59029763968914
65552.39847399072,64254.11499782703,32042.965353962776,349.26038775305926,2.614714028396825,2.1710442841260797,0.5859024168301987,102.3557273109736
59624.59545719384,60100.54624994579,20882.85424756721,450.78564149356527,3.2565618078976,1.854668640323005,1.283584383816438,100.92549606017104
62536.18058165389,62401.680682808576,21025.00562153483,410.63256596410264,3.2499003870489203,1.7052150466547744,0.9641420484934153,102.53568102288287
62750.241086953225,64289.84914653995,22680.250487766058,479.0150724027812,2.347889024797197,2.1203108388714265,0.48411738771957835,102.893031365457
65055.779933597965,67687.89678492607,25246.783491918766,355.1011097871038,3.51324798467124,2.016462894728915,1.0295013580399628,103.61640363859706
67649.25099387021,65305.70632156494,25257.749944562078,399.01625729723247,2.4652150084888342,1.3504401187690709,0.9799461426731279,103.22678053132283
54927.11335358505,54776.208467037715,23244.879080994375,401.0557255159882,3.7883955108190293,1.987948400575077,1.5641110814182346,104.38144783091522
66773.0807954374,65800.19124287764,23532.824310754273,344.8165202323755,3.2079374563154492,1.9731755312166361,1.132509442810848,104.21141261421054
61174.928773569205,60738.25119364972,20135.041979786525,373.4988871955845,3.3583081014644938,1.9344470090574508,0.9819925497278972,104.79480775551121
63413.034303919856,61542.59350007864,24597.935249533348,347.7223242885882,2.972908420878318,2.1561084586954395,1.1528244515956612,105.49354643347674
56494.281802075995,56161.029306001685,27870.139963070982,457.71916323755335,2.4842879144532812,2.274686858745148,1.1996436864822,104.88722768775416
58032.28687006881,58882.631468529435,27135.85027626441,424.0421795580583,2.6341034581614156,1.3110787008868612,0.9717990381795657,105.12760845304716
63207.03742249469,62240.585421659634,28173.485005718096,424.5765447937736,2.629935383394216,2.3780115776711623,0.8971250526711935,105.21567518839835
61756.069888400096,61737.89784267627,20474.73307410845,437.2083547263297,2.995422644061026,1.6967146865803617,0.47381024529435,106.07787034361522
60693.16661671006,60838.08100963036,31884.12237948889,250.56311006658154,3.634603657672397,2.545519584470142,0.7059772310039963,106.67275089727715
54316.2792296347,53183.77849710292,24493.02226433353,509.6590766512797,3.1808337085811,2.01994056296225,1.2657034864600918,106.15491656334875
70482.60196114697,72696.63048662263,27146.05189437688,352.7039563616995,3.5360077376923784,2.117876813311033,1.1930992853609483,107.33520079757695
63055.04337661799,61916.85251064484,32451.6062723265,416.75637300207904,3.1620787288629715,2.2460380129545947,1.0935198970066395,107.44164333707698
61382.21073112233,61164.19405538438,22249.084578783288,369.320479801776,2.8559161493841456,2.3957755988663916,0.8989320977697429,107.31288250751676
59292.565024491145,59925.652666975606,28244.905166813758,518.4667421966407,2.3034683334203,1.9088201455126865,1.1719068189547643,106.82661194678843
72189.38330567628,72021.74743230495,21030.010325287534,458.2452789156233,1.9009961958978954,2.084895905613638,0.7025503325573863,107.96246953278327
62618.40475444512,63610.94669206611,27056.63886244574,525.183352094124,3.0309885798149154,1.8632289501000396,1.3678355126590098,108.23802482847378
62927.50066497618,57972.243673657,27266.21579691172,395.5139338063389,2.7825496034967316,1.7374615344195858,1.2709454114151666,107.55059443591213
82044.1498414153,83937.92694266679,26849.012477375694,514.0224482839352,3.1373277636664545,1.6420126095831273,1.30812420105676,108.05416180720476
64200.45802291523,65738.83063747687,27674.829313809572,312.92768892147427,3.1025590839999753,1.9507649361338844,0.7773366766651199,108.01694295870597
51701.50605772791,51183.73217462876,30627.76739297221,565.1892946232014,3.42839477427462,1.6846964268354305,0.8736887439384933,110.01477770921024
64296.53407925146,64799.22640601412,26190.461627667722,471.95752046314146,4.1179724290070014,2.003840960489257,1.0476339330265008,110.02664573820438
56764.89955308767,54275.61337129549,27468.653349010998,355.9852551918438,3.6583015565530053,2.0729711120532417,1.4492272670688013,109.64640852802718
67918.3356727749,65701.98239573745,29688.329157994198,385.76524571922454,3.468715811285553,1.8567545514820136,1.2047394790963704,110.62725696629988
62682.08518877985,63237.04602582664,33402.17947746286,366.3220908656307,3.70170608156043,1.858352646358473,1.3620848194061215,111.84655180356356
54411.74709340123,52065.47685482878,25818.62883615371,358.49862789281076,2.7367596477662626,1.8682945886172713,0.8398634508354157,111.69294547889234
67877.7434701767,69451.28880610451,36560.6753924214,353.75371047550294,1.7516092716624463,2.809419565022033,1.0751418753618276,111.25035375577471
47379.59665119494,46098.74082237838,28459.514976919712,391.4114456898636,1.9235648115718944,1.6238078347210938,1.3147394947821973,112.21828312409777
61499.10002761685,64984.86529923839,30133.6242700685,508.6159066128405,3.666646823994962,2.3324953231431476,0.5982394855554266,111.07951948766184
54810.552437046885,55093.76637690965,25005.40483062671,422.48226680826014,2.9900010509364825,2.191104561778405,1.2962646384068526,112.18442597410333
57984.104895948556,54944.237453854126,29361.083864502714,353.59978744447176,2.545428674813065,2.347074952233999,1.2755326477998215,112.8211859031661
66671.05194928827,65212.20818839808,23854.01249606392,366.9994365215485,3.8649229293832077,2.345521382555672,0.9268175372845505,113.20268260240769
62622.93199109315,62475.84698000335,27334.405977559614,451.0351046410227,2.928924098667363,1.4998042919481667,1.1063747826686665,112.95067676720873
51982.541602868834,51183.85797689768,23752.70914553615,401.629890345267,3.280844176548343,1.9150090987116932,1.1349721188963746,113.19677274640368
63819.61869466027,64334.09669964317,27845.853814360875,486.2287550091493,2.8585821933077464,1.3626959137809547,0.9766382169298303,114.08892623865036
60174.57372750178,60557.422674291316,16386.710301296695,349.95141486873706,3.26935860955666,2.3111141323407556,0.7748720009824484,114.16846787221283
55022.95386610978,53754.73552226466,25355.04352362055,413.02194401524577,3.198194439723689,2.2920180038106923,1.503134440132147,114.76008916210931
57474.059210147745,58554.213822916616,17662.412345892997,406.0415456878689,3.5267392220684157,2.271664776608199,1.2484722466184057,115.54148585358189
54814.80319086345,55686.114271987775,24533.311832882773,466.8800011529777,3.058809733519402,2.312832551120481,1.4640308524359273,115.2026757924145
58531.2891210363,58100.87694665702,21529.818513349266,462.2868541479391,3.656157978965678,1.9022746032473161,0.45718962705611776,114.87121284880988
63037.91761075434,61844.25364253065,15207.523352208478,373.33439058968605,1.979905561658701,2.1301768790357425,0.8796776553310859,115.51885540600985
69076.59659357641,67822.2543434365,14260.484460956115,398.2982556995031,3.234481471740201,1.428182630624852,0.8894624911226445,115.61587507759403
60194.73854053754,59453.74687498517,38317.31497552308,384.2532006969776,3.0932620324439988,1.8060993032124553,0.20706810775988693,116.7806774400598
37902.40199813836,38930.93562432712,18392.863668538812,318.46470167639467,2.9455503272330423,2.878361200491481,1.0958808452163158,116.29534818765384
54625.871753174055,55336.798110815944,23149.54961348687,442.82823098640745,2.0182615440608056,2.2113767766961825,1.0953974823575128,116.01161741018639
52771.55675514657,52616.01132616034,22567.45378173854,417.401571452353,2.282660712946503,1.6461743170448433,1.6342017769395845,116.57129280943546
57017.24992022049,56815.3221549536,23607.555680552505,472.41396513014075,2.7139140200302867,2.341971714851836,0.74336429368744,117.67977232858492
58501.45423063679,58296.97774077874,24556.905095089744,433.0148485140986,2.4032686817753857,1.6118197362148698,1.6111677707569747,117.84723080525364
57473.8286501977,58211.894651459654,24699.313369317893,264.91569213578634,3.080664996801531,1.951250210872447,1.104740363138946,117.50737315684452
58456.84084719354,59792.14162823394,24245.77728202349,374.26220163650567,3.1825267270129145,1.8423333828920576,1.3203580279829241,118.10823605124804
62543.59647372262,61662.82398213915,18761.01157851208,443.1584826041715,3.130996728792551,2.2549752789321444,1.2210044456287434,117.76160997904037
60838.49792490182,58397.87835828074,27596.801991006476,334.862267950606,3.233653270309061,2.2903818051975593,0.8381602404578122,118.78546896795609
68556.2131719098,66288.51390677849,28218.167287927296,407.1025977674773,3.4740726772511037,1.339243536634358,1.001060953944734,119.64984257440773
69514.1500804985,68444.66900130096,23602.319067568344,510.48474390203535,2.2900933571912,1.9817008174589321,1.053227495027544,119.48596101761417
53460.27630808587,54491.49328080443,29442.666533355197,508.96833264190735,2.603516062258393,1.807322382046783,1.3289780607610502,120.60691244504416
59930.1809026554,58098.68307675813,23919.596389003073,457.88284455153394,3.3390507656867787,2.4451783887401892,1.5774779007231796,119.78434079352797
